gqkGJmFyDEbY;zsYA7ZhrObjqn^appS#tho^gA05B^GmJ
duaXVSCtciXZ;CP^ot3x0m6TDK1EmK8xEA$1pmY4jvYzI
prZIyVYiraab;kiNtLwm!!P$IxRhK5Y#yNpUS1PJWSbLH
RxPJoHMErYWW;MXsNRvAKQ1Hp@YT9pRARjw55hDqxPw1V
RxPJoHMErYWW;MXsNRvAKQ1Hp@YT9pRARjw55hDqxPw1V
uXXRFgZmRVJK;puk16jpMFbThWL!S1jAj4wnKA7i7BV@Q
uXXRFgZmRVJK;puk16jpMFbThWL!S1jAj4wnKA7i7BV@Q
CgjDkEKtbQUV;g0gFQt80$0DBkXq#DOOVFixA33rvSU3F
CgjDkEKtbQUV;g0gFQt80$0DBkXq#DOOVFixA33rvSU3F
kSedkAOtQnSF;IY4BbjBm2U2pQUvqV8nnTBpqXFfOs@Wi
kSedkAOtQnSF;IY4BbjBm2U2pQUvqV8nnTBpqXFfOs@Wi
OMyXPsWOZqBH;wANRO2tpY8aC#b@SyvSlK7xV&i&Mn3TP
OMyXPsWOZqBH;wANRO2tpY8aC#b@SyvSlK7xV&i&Mn3TP
username_ERROR;6mMl*OJhbANjtI$vqh^!x3@2&Lpk4*C9
username_ERROR;6mMl*OJhbANjtI$vqh^!x3@2&Lpk4*C9
username_ERROR;vjV32k!wKEhJFOv&vPAzVxApYJPNTF&P
username_ERROR;vjV32k!wKEhJFOv&vPAzVxApYJPNTF&P
username_ERROR;SZ1OHJ&Mfo&0LB&tHWA3o#ftBxjyJTkT
username_ERROR;SZ1OHJ&Mfo&0LB&tHWA3o#ftBxjyJTkT
username_ERROR;i8H7ihF0TfAZ026Mk*91JCU8ytB2B0Rp
username_ERROR;i8H7ihF0TfAZ026Mk*91JCU8ytB2B0Rp
username_ERROR;@Zq6bH2ao8Oo9Zz8BsbnP1zpjz52Tb*2
username_ERROR;@Zq6bH2ao8Oo9Zz8BsbnP1zpjz52Tb*2
username_ERROR;a*UP4vz@ry6Mmwh0VyQgppGr1qD9If4S
username_ERROR;a*UP4vz@ry6Mmwh0VyQgppGr1qD9If4S
username_ERROR;!*UaG!NnwuyW&2@j@foBMMn&ZM$QEp!h
username_ERROR;!*UaG!NnwuyW&2@j@foBMMn&ZM$QEp!h
username_ERROR;Di!2qFtEZTk71*1U0ZIibmtz2MSEQ*9j
username_ERROR;Di!2qFtEZTk71*1U0ZIibmtz2MSEQ*9j
username_ERROR;jsDysOkG2R0Z6D09WUSizlLvityPmHCA
username_ERROR;jsDysOkG2R0Z6D09WUSizlLvityPmHCA
username_ERROR;3*S@@nsRj3Gv&aY#kV^!LR&DqF2Oj*QX
username_ERROR;3*S@@nsRj3Gv&aY#kV^!LR&DqF2Oj*QX
username_ERROR;uMT$4F2YVxi$NI5^0ZLh9L*$0lrJ36!h
username_ERROR;uMT$4F2YVxi$NI5^0ZLh9L*$0lrJ36!h
username_ERROR;mj1Wu$u8xSXmHDp7Ir@7I#!57^QWupZY
username_ERROR;mj1Wu$u8xSXmHDp7Ir@7I#!57^QWupZY
username_ERROR;iUDq9M4OTb!19VKoEzkUx0f*G9xY5l3P
username_ERROR;iUDq9M4OTb!19VKoEzkUx0f*G9xY5l3P
username_ERROR;f*CG8hSDMRxE^jbHhKTWt^JiOiQ62Rfh
username_ERROR;f*CG8hSDMRxE^jbHhKTWt^JiOiQ62Rfh
username_ERROR;8Nf0htlA8PIVkPy8sJ^a#KLPowKf7F79
username_ERROR;8Nf0htlA8PIVkPy8sJ^a#KLPowKf7F79
username_ERROR;RII86u&ZEzOsNADqRohI!9lK@TQCnQ4J
username_ERROR;RII86u&ZEzOsNADqRohI!9lK@TQCnQ4J
username_ERROR;Jro&nR0htsaTtpYIO9$j2&NZ*TN5W8g$
username_ERROR;K84ksm0UB^tM$PfNCWS91CXxffsrNk8V
username_ERROR;7wKMioM!4bWkX320gSZ*hlPvb3QGZE&a
username_ERROR;22QB@WAMt^@DnxG4OyJT@f&&YFVR0JHl
username_ERROR;t9QSzE5kORA4qG&lUhRbnYfaCoqtVMPA
username_ERROR;aBwlAPkSHQ6xE7P3@1#$QuiOf9yA1Fmo
username_ERROR;w7YqESxH6gxkp$MXPhl7C&lK^NGwkuu!
username_ERROR;BONgrN*upaEL1ZBoTJCIBw#4AsogaKwQ
fvfENbRnbClm;ugwkgoVbN#kOXgYs*JYMZjFo53C*P6z4
username_ERROR;HP8NXZha*QaHlLCfkHMWuvG7wTCk4xbL
username_ERROR;yXlJCzZA3M1x^AnLZuYraqukIOIFDSxF
username_ERROR;FqyP50hPOGk5jUIgHVSO#FqQGH3V1mnR
username_ERROR;6@fm9zLH&rujEjkLJULaYOQ*Ya62vKFQ
username_ERROR;IZJWONDw2f08kOmXkR&KO7Z*ij!t^T$J
username_ERROR;S#RVOvS&uzb#GDIy0KIC1Ma9SH#39LrZ
username_ERROR;682#YOLYnXH00P796HwB1B!zvFLp2AXl
kccjyMoESQja;rh0OpwH7@7ypRDWrKujFHADj$Uw8ZUo$
USMQAbqBLGaG;6*TplTT6UD1W94JJOrCWsQR!D4w7yKOh
nZZwkzQXdMft;0lbm92nDiC3YMNmQjFkRT6L@DqHJBg0q
xzlkbQthCEFM;xv*UuBSU213SoH$v8AMnj3OIhBKB89A&
MzGotMbiQJYp;6!2W2ati7Lkyq$NHwwpa^t$CoTEE2QB6
QMvjTcwrZyFb;r&lMfATMyiuvKuW*B3aqPNjwlWsNCLyW
gtkEOSljiWtT;7$IzMl*zLWS91ii@&raLsH*nL8@lTPBt
QULHXcjbtvlP;KRDHV*C#phzWlpxFxT8EZHzSxN4sXWQx
cRVGqtgoJusG;j5D@BopyzaMPYDAZtp&kZI3Rv!xBpTHK
weMtntfVQNCy;G6QLj$SN0h^OT3yRH$gRwC$VV91ODT2G
qUtqDkHusFGq;wkz6N&2NCP!T0*i5DQf2L7RHKV5*NvE&
iQaNvqyHfFXD;f3xBzLFuojX$P!r2l#fp0Sz1KsvoiM**
EFhNzKDQvdAI;0I7PAlZ@@RR3RbGM4FN@^QPUJiC!WKOq
vvqvwDuUdgTC;h#svgWDznxJWRmqmG$bGV02Y6uFCNHDs
xzbCoHcNiHsU;F4kI!YwLEv!U6LlbtCf^JSzOjB2HGO3l
BqWonvPOsDat;o4tR8vO9oZFkXg1gVMPUwqO#zBqKra#0
ntRbOLFQDOjB;2W1NxChantih4CnNgga$ElAaHK4zE^g^
xxduDAyXYXkP;6Xg&zrCnDV$gyOPDyJbXxWK0#QhPVA$P
NIzHGZbnfctU;wM^7xXz6kVTbm&YT3WmTmJCto@8SRzG1
tjwfZNijIupx;3Zgr2vY8mOAbMU$Q7W$SyQU$YpAtSWZN
PbUVcCelLOfw;S$hmt@o#v*tPAbgkKWZUyjW7hLvLIs$0
alVBDLnTrwIX;CWIPYAh6!yBiZGCE7jk&@piMb3Uw^Pvr
MqseBkObLXkD;PmsOStuIp87EwVw8Uj6ujzIpWUzZi0!V
qsdSbrefEzrQ;*kPxZplX!G7HhzrU2o$9$tOnh^GDACbo
hBoXzMQtCeia;q!oB&4OM2nWI5l@u5Uj*D&oP3J9VCKi^
bDjecehFwvoP;i3a9#GNIC^MnmDTBx*pvz^UaSlPYCEM&
MMDxigmhFgyr;#YFK1DU!0^pGl^bN$&6O$wsP6hYxgjKG
GxZJinWuVnzb;TC0Qi@5tx$amybCiMs9XK!jhGZusYDm*
username_ERROR;T$T&F@#4N&&ngh$&WF@9OYIE#L$V1&MG
username_ERROR;2RhS9i&ir9GBNl4*uDaAFY4f!CSzDz7b
username_ERROR;HGBCF4ljzG$1j46BKuiBC9Bl2m$ZMR3y
username_ERROR;ozjDJqAnr5DB#baO4pF1RNKlMmPWz9q6
username_ERROR;8mT47ukC0Om9uzMT0gChspZyK5b8gCSb
username_ERROR;tIA95zizk7UD8LIX74GHUgQ6OrWpKr8k
username_ERROR;EtENF8@jZuk0tPQ^QGb!UmBTsnnHlCEo
username_ERROR;V$5YQA*ZLZnJhVTAP@J*qK@GkrL0DT^E
BclqKmkThnlp;H#XSMSEBgSbbtwtKC5^YX3KFRSHy3s#M
XuXZLXrehOni;EoW70jqkp4!2t*ETapfTfj*l4^OuohUA
wtvkBmlLThii;$Ha0Ng*Ti0j*XD!$Yhkw1qg1zniuB5bm
owMOhqQOJeMe;*pYUwbMu*UkMgvRS9OVQukGwjBbfijAP
KsahLPTIQbOC;LrC47^kVHVEXIDg$vl8fQD3DqNnuy&zt
arfsidhmbuta;MyLsbn96bxn0vaMOsn3G*LNEH#QN*QNI
zGdZJLzubIgB;sFLrA1fGWbh3R9Qzmva*rTHsmN2JZ#y6
YSNacQupVOfv;lKDH3JNJuvAxSyz2t4wfb3$sI4WlPSWF
eFguOjwgiURF;g^qPDCWICtX^WUgybQ&rPi1VJATG4uyi
PVeeALCceBMw;KIxrskuIqG54UB8rIFQsT698IU4^F^Gj
oeBukxefpnXE;9KjAwng3ZEL2$qVXzjb@S8o$Jl^7^7!n
APxdwkhEtlMV;hl3azJHtKHv*xy9w3VlKTLDxZ^M7hHgo
aDfDGowsChnQ;xNwD&GvbXrDo6LnD5QwxgVUbG8PjH02X
FWzdEQiYIzxg;Vrn^lCNN^0ICvrwss7v$$MNCLLPpnuaZ
FnGjxldqZyxS;aWXmX!4#$mGmgR1ZplkvngL7r!zmF9!3
DjYDVJLPpSdM;pjTzsrskOaCg2QfL6h$Cv1SBUkjE^JjD
sUFAeMjOsRDm;L1YGJQZN&RlM2zUMO1gupN#Yas0MClzJ
OozFykIEuqpo;*fHf^p8AZ6j9Q$PmFlUw5Jk5Ob9sQ^I3
iWyGyAHYSzkE;N^9XbyoF$SrnEaO57hkCfs*2#bl2gDS5
OlVgtVaSwUVz;m^8DX8!sN6qaZDjE1VfGR2pJg5R9h7TD
TQidpbLBtQws;0m5Bq@oj7$Zzhvayfn#*8brf3laA*g@I
bwywrMXLxdbr;0GFSJI&^MywoOH#2lnSE88uNM7QWCWb@
bgjcqnULtplA;xy5WHTNmYK9oAEx@YS&UiV4@Z3!SJahX
xYvJZyEFbfwK;1Q&2YTzlkqqAQyVyF6W#6Cb9Fb28OuPi
IyNasyquQuiG;0GHpRw4j0gKkrTRJ67N1R5zxLoKD#EX&
MUxWqYLMQAVO;F$Hf&op&K7nm!kYEzHDEJr&7b^2k9aoL
hTgXwIKoCiAn;nirC^nbaJkF4flv7rw7OS1GL&1FkyrjM
FFJAvrCcJRmA;NY^k8V5bq7vUZzv3FJJqEsS$FxWZsv#V
gZBVZHHQtnII;0uZmhYKNEK6kaKq^#SSzr9jURX2PY4Dx
eVVbNFzJbtbY;B4U#iF*MfALbb@mFuT6tEQ2u$#3^IIUb
mkqGFyNqFgfQ;68hFBP27AJsQLBM*sEpXr4wM1C#R9CTV
naUzSOljknsU;byFl9!jVnYxy8wbvf6RAGF^4RBO2^PQ!
RSQKEPEDArLq;KsQptzEIBuj^R3st$LUl@ugVrg9KJ$AR
ZLbjstFhEASV;s*E5#Sg*LBB7ImbstGz3wWZLN@PIIN54
YuBNueQNyuDE;b#3qWwCM5Q@4^Hf3IyJ38PyLKF5k$vVY
dPiQlPJuhyKH;x0SvNGK9a#Kf*gj*Z9iy5P5mHaf3JBHI
uCDVeGrrQNkI;^CGI*j1mmHE0AQBySB1rIC9ZaO#mlkgb
lgZUYebGlVZX;&*qS0CBwybPHJDz7WlOFVbnQhxy7Lqwv
NftnbgSfkSWb;PhA^slI6b#ybWhL3ju*UKM8!RJ@aytuF
PBuvmTogCOPX;jKUn6N47$Vhawh2kpYu2s!sD!1J7QJIO
lfuWZbLYJaxO;Mfjz*$s#MBl335*7VRJJo9vfhK#lg@aO
USMiKRYFTOpz;upmIkRaiu209LpjlAG5k&DpZUQ9Xk^SF
qGWhKoVrtpIo;YP$0qXVKGiNY#IOtXaBPYR0q&8Tug15q
zZbrUdLQCIav;q^PZhWCOq!&v0XiwUhBYEmE1QruTT31Q
eqceRrpsolci;G6&XBX*6qMb8&Hm38DNGW*O!W8XZWB1E
koEBTtxGMJXY;i$ULaovyBRUPy1OEBkA5Z9@ulEVnJb!T
wLIhNXcZekOs;L3MUyN^67u1G#qM@!S1Fv33t9lTFtUxf
HOgFRDffOavv;v2$o31rVDmmDPoiDssUCo6J6ayi&bARj
atHGMMPIdcKW;*j4690!4jWk^2y#@M*Bx6WVwwUC!Qrg!
qdJOyKjXCURo;B$Kt2to5VO!ChN5S6wCzbt&NVxo!ijL$
zZciKhlxABhG;XZwlO4VWoj#wsaBz3s3xL1hVtMtxTsXL
LyQabKdiPSjI;^bnwNB!J&HxvBiowH^a*Bb!v@UM$yX^f
MUmNLpVXCLRQ;9twXJRCE5OM3!zGWJrTJ6pKBV52hGgjO
lfwmPhQYmgdJ;a72GQ1JSKxZkhS05nr1398jTfh7^^H0D
zvcTYJrXzQYC;iNggBB^8YQ&^$kk2GvJ1kvQxQHirIQkg
zrzZgEqbbsRF;r!siMUY&R^NM*jjHwBI4gmhiVJf&7N@r
pTvCXcOKuxTz;zrUD2#&2s2wo8lWaD&@GwoLoXjX*kWEW
PTfPQOOZCAOp;4nq6Oo4vMV&mW7NSrGKiL4gNp4$96&Tw
LKUHfnsWjCvs;EEQnW$k6STm^y#UAGk7PaWi6PqKhAUzr
qNbeEDfDJxCP;brR*EK1YRFBw!4n$MS*R0mfORHuNO$X0
CiadwerANUze;zI$g^y1B@UP1iEOxpyH9Kyz^nxjv@E4V
dcddTcozZKxi;hJOaayV0Q5@@bjAhWTv2yUEpviE45U@t
UJSybQIoykYR;n@awDNrFX6OCaMoxBWmJ&DM@fFLBuWsz
sjnihhOxMZwV;KsK9bBnk00DV1iM48ZTW31lxa4EZ!*V0
